Branch Name,Types,Business Status,City,Province,Region,Address,Latitude,Longitude,Rating,User Ratings Count,Place ID,Google Maps Link
UnionBank of the Philippines - Laoag,Bank,OPERATIONAL,San Nicolas,Ilocos Norte,Ilocos Region,"G/F, 365 Plaza Building, Manila N Rd, San Nicolas, 2901 Ilocos Norte, Philippines",18.1801355,120.5903675,1.6,7,ChIJYbXbn3THjjMRhAJOnsoaZ94,https://www.google.com/maps/place/?q=place_id:ChIJYbXbn3THjjMRhAJOnsoaZ94
UnionBank of the Philippines - Vigan,Bank,OPERATIONAL,Vigan City,Ilocos Sur,Ilocos Region,"A.R. Lahoz Building, Jose Singson, Vigan City, 2700 Ilocos Sur, Philippines",17.569209,120.3860092,3.3,3,ChIJ66X18nZljjMRJoRFksxzIdw,https://www.google.com/maps/place/?q=place_id:ChIJ66X18nZljjMRJoRFksxzIdw
"Union Bank ATM, Vigan - Ilocos Sur",Bank,OPERATIONAL,Vigan City,Ilocos Sur,Ilocos Region,"H99P+M9J, Jose Singson, Vigan City, Ilocos Sur, Philippines",17.5692121,120.3858714,,,ChIJLz9pHHdljjMRefMNJp5pI6c,https://www.google.com/maps/place/?q=place_id:ChIJLz9pHHdljjMRefMNJp5pI6c
UnionBank of the Philippines - San Fernando La Union,Bank,OPERATIONAL,San Fernando City,La Union,Ilocos Region,"G/F, Shania Tower, Quezon Ave, San Fernando City, 2500 La Union, Philippines",16.6135807,120.3162832,2.9,12,ChIJsUsrCUGOkTMR1YKWCTDajvw,https://www.google.com/maps/place/?q=place_id:ChIJsUsrCUGOkTMR1YKWCTDajvw
UnionBank of the Philippines - Novaliches,Bank,OPERATIONAL,Quezon City,NCR,NCR,"854 Quirino Hwy, Novaliches, Quezon City, 1117 Metro Manila, Philippines",14.7129042,121.0404338,2.6,115,ChIJ_y56ZeSwlzMRYWJO0sxmbM0,https://www.google.com/maps/place/?q=place_id:ChIJ_y56ZeSwlzMRYWJO0sxmbM0
UnionBank of the Philippines - Baesa,Bank,OPERATIONAL,Quezon City,NCR,NCR,"Dra. C.Pascual Bldg, C.Pascual Bldg, 142 Quirino Hwy, Quezon City, 1106 Metro Manila, Philippines",14.6667031,121.007524,2.7,22,ChIJXYeiq5W2lzMRA986fD55UIk,https://www.google.com/maps/place/?q=place_id:ChIJXYeiq5W2lzMRA986fD55UIk
UnionBank of the Philippines - Pandacan,Bank,OPERATIONAL,Manila,NCR,NCR,"Mendoza, 1763 Paz, Quezon Blvd, Paco, Manila, 1008 Metro Manila, Philippines",14.5898709,120.997402,3.5,15,ChIJhw9l5fLJlzMR02L02e46DfE,https://www.google.com/maps/place/?q=place_id:ChIJhw9l5fLJlzMR02L02e46DfE
UnionBank of the Philippines - BGC 7th Ave,Bank,OPERATIONAL,Taguig,NCR,NCR,"7th Avenue G/F, cor. 24th St.,Mckinley Building, Taguig, 1630, Philippines",14.5472525,121.0481813,1.9,18,ChIJN3E8U-7IlzMR1Aj3erme1KQ,https://www.google.com/maps/place/?q=place_id:ChIJN3E8U-7IlzMR1Aj3erme1KQ
Unionbank,ATM,OPERATIONAL,Manila,NCR,NCR,"Regina, Escolta St, Binondo, Manila, 1006 Metro Manila, Philippines",14.5986856,120.9797205,,,ChIJGeCCGhvKlzMRjA-iRvZQA3c,https://www.google.com/maps/place/?q=place_id:ChIJGeCCGhvKlzMRjA-iRvZQA3c
UnionBank of the Philippines - Marikina,Bank,OPERATIONAL,Marikina,NCR,NCR,"2 Building, WRC, 47 Mayor Gil Fernando Ave, Marikina, 1801, Philippines",14.6230078,121.102001,2.2,115,ChIJc0kW_0e4lzMR5VJD35jxNc0,https://www.google.com/maps/place/?q=place_id:ChIJc0kW_0e4lzMR5VJD35jxNc0
UnionBank of the Philippines - BGC 38th St. / Uptown,Bank,OPERATIONAL,Taguig,NCR,NCR,"38th Street G/F Orion Bldg, Bonifacio Global City Brgy, Taguig, 1630, Philippines",14.5585685,121.0562101,2.4,12,ChIJY4t6_l_IlzMRTLTIzSZOuak,https://www.google.com/maps/place/?q=place_id:ChIJY4t6_l_IlzMRTLTIzSZOuak
UnionBank of the Philippines - Commonwealth,Bank,OPERATIONAL,Quezon City,NCR,NCR,"Diliman Commercial Center, 170 Commonwealth Ave, Quezon City, 1126 Metro Manila, Philippines",14.6818735,121.0855798,2.1,92,ChIJ0W0R80-2lzMRK-s7YnRqy8E,https://www.google.com/maps/place/?q=place_id:ChIJ0W0R80-2lzMRK-s7YnRqy8E
UnionBank of the Philippines - St. Francis,Bank,OPERATIONAL,Mandaluyong City,NCR,NCR,"St. Francis Tower 1, G/F The St. Francis Shangri-La Place, St Francis, Mandaluyong City, 1552, Philippines",14.5805537,121.0561417,2.8,30,ChIJD-Zq4D_IlzMR0HEJR86mgQ4,https://www.google.com/maps/place/?q=place_id:ChIJD-Zq4D_IlzMR0HEJR86mgQ4
UnionBank of the Philippines - 32nd Global,Bank,OPERATIONAL,Taguig,NCR,NCR,"Trade and Financial Tower, 32nd Street Ground Floor The, 7th Ave, cor, Taguig, 1200, Philippines",14.553439,121.0505139,2.2,33,ChIJd4Bg_fPIlzMRmyNiQ8IEsuM,https://www.google.com/maps/place/?q=place_id:ChIJd4Bg_fPIlzMRmyNiQ8IEsuM
UnionBank of the Philippines - Tektite,Bank,OPERATIONAL,Pasig,NCR,NCR,"Exchange Rd G/F PSE Center, Ortigas Complex, Pasig, 1605, Philippines",14.582878,121.0614825,1.7,15,ChIJpxGnDxTIlzMRtfPO0sM3uPc,https://www.google.com/maps/place/?q=place_id:ChIJpxGnDxTIlzMRtfPO0sM3uPc
UnionBank of the Philippines - 2nd Ave. BGC,Bank,OPERATIONAL,Taguig,NCR,NCR,"30th Street Unit 1, Blue Sapphire Building, BGC,2nd Ave. ,Avenue Corner, Taguig, 1630, Philippines",14.5539227,121.0444207,2.5,24,ChIJG9MhDPrIlzMRSJVwLgfD-F4,https://www.google.com/maps/place/?q=place_id:ChIJG9MhDPrIlzMRSJVwLgfD-F4
UnionBank of the Philippines - Shaw Blvd,Bank,OPERATIONAL,Pasig,NCR,NCR,"131-133 Shaw Blvd, Pasig, 1603 Metro Manila, Philippines",14.5724079,121.0643282,1.9,25,ChIJOVY0g27IlzMRn01DzCpIGTM,https://www.google.com/maps/place/?q=place_id:ChIJOVY0g27IlzMRn01DzCpIGTM
UnionBank of the Philippines - Timog,Bank,OPERATIONAL,Quezon City,NCR,NCR,"Cabrera Bldg. II, 64 Timog Ave, Diliman, Quezon City, 1103 Metro Manila, Philippines",14.6343546,121.0364541,3.5,13,ChIJtzRgcK23lzMRJ5mO5Zvv3OU,https://www.google.com/maps/place/?q=place_id:ChIJtzRgcK23lzMRJ5mO5Zvv3OU
UnionBank of the Philippines - Salcedo,Bank,OPERATIONAL,Makati,NCR,NCR,"Golden Rock Building, 168 Salcedo, Makati, 1223 Kalakhang Maynila, Philippines",14.5579477,121.0154748,1.8,15,ChIJp0ZwFwzJlzMRyA4vCFrs0SU,https://www.google.com/maps/place/?q=place_id:ChIJp0ZwFwzJlzMRyA4vCFrs0SU
UnionBank of the Philippines - HV dela Costa,Bank,OPERATIONAL,Makati City,NCR,NCR,"Salcedo Village, 138 HV dela Costa Street G/F Global Enterprise Building, Makati City, 1209, Philippines",14.5611741,121.0209172,2.7,11,ChIJ9_9PYQjJlzMRmLIidKJq1qY,https://www.google.com/maps/place/?q=place_id:ChIJ9_9PYQjJlzMRmLIidKJq1qY
UnionBank of the Philippines - Valero,Bank,OPERATIONAL,Makati City,NCR,NCR,"G/F, Le Grand Condominium, 130 Valero, Makati City, 1209 Metro Manila, Philippines",14.5585617,121.0208558,1.5,8,ChIJs5ghFxLJlzMRqm2VytoRpo8,https://www.google.com/maps/place/?q=place_id:ChIJs5ghFxLJlzMRqm2VytoRpo8
UnionBank of the Philippines - Baguio,Bank,OPERATIONAL,Baguio,Benguet,Cordillera Administrative Region,"Mabini Street Cedar Peak, Cedar Peak Bldg., General Luna corner, Baguio, 2600, Philippines",16.4143667,120.5968572,1.7,75,ChIJnblHUl2hkTMRFxwGun25Bzc,https://www.google.com/maps/place/?q=place_id:ChIJnblHUl2hkTMRFxwGun25Bzc
UnionBank of the Philippines - Dagupan,Bank,OPERATIONAL,Dagupan City,Pangasinan,Ilocos Region,"Brgy, Perez Blvd, Downtown District, Dagupan City, Pangasinan, Philippines",16.0380162,120.3333572,2.8,37,ChIJOdnbFv5nkTMR98WOxMcT7gs,https://www.google.com/maps/place/?q=place_id:ChIJOdnbFv5nkTMR98WOxMcT7gs
Union Bank,Bank,OPERATIONAL,Quezon City,NCR,NCR,"Quezon City, Metro Manila, Philippines",14.666219,121.0703288,2.3,12,ChIJ9SwFbVu3lzMRQRSdOOYAh8g,https://www.google.com/maps/place/?q=place_id:ChIJ9SwFbVu3lzMRQRSdOOYAh8g
UnionBank of the Philippines - San Pedro,Bank,OPERATIONAL,San Pedro,Laguna,CALABARZON,"Manila South Road Brgy. Landayan,National Highway corner Cataquiz Avenue, San Pedro, 4023, Philippines",14.3584103,121.05985,2.9,28,ChIJjStAhbbQlzMR3PwOqwbrVv8,https://www.google.com/maps/place/?q=place_id:ChIJjStAhbbQlzMR3PwOqwbrVv8
UnionBank,Bank,OPERATIONAL,Makati City,NCR,NCR,"Liberty Center, H.V. Dela Costa, Makati City, Metro Manila, Philippines",14.5605254,121.0258798,2.3,11,ChIJi-32HfzJlzMRNLlT-SR_HG4,https://www.google.com/maps/place/?q=place_id:ChIJi-32HfzJlzMRNLlT-SR_HG4
UnionBank of the Philippines - Bonifacio High St,Bank,OPERATIONAL,Taguig,NCR,NCR,"G/F, W Global Center, 30th St, Taguig, 1630 Metro Manila, Philippines",14.5509764,121.0518228,3.4,68,ChIJ0U5EM_LIlzMR4fyDvKJyLSA,https://www.google.com/maps/place/?q=place_id:ChIJ0U5EM_LIlzMR4fyDvKJyLSA
UnionBank of the Philippines - Perea,Bank,OPERATIONAL,Makati City,NCR,NCR,"G/F, Greenbelt Mansions, 106 Perea, Legazpi Village, Makati City, 1223 Metro Manila, Philippines",14.554689,121.0206328,1.7,3,ChIJY9GpiaXJlzMRYyYlQbFlSjk,https://www.google.com/maps/place/?q=place_id:ChIJY9GpiaXJlzMRYyYlQbFlSjk
UnionBank of the Philippines - Pasay Road,Bank,OPERATIONAL,Makati City,NCR,NCR,"G/F, Salud and Consuelo Bldg, 912 Antonio Arnaiz Ave, Makati City, 1223 Metro Manila, Philippines",14.5507162,121.0204469,2.5,4,ChIJ2fe1XxDJlzMRMf065SKXbko,https://www.google.com/maps/place/?q=place_id:ChIJ2fe1XxDJlzMRMf065SKXbko
UnionBank of the Philippines - Uptown Mall,Bank,OPERATIONAL,Taguig,NCR,NCR,"9th Avenue Lower G/F Uptown Place Mall, Taguig, 1630, Philippines",14.5560818,121.0544401,1.6,38,ChIJCxNNAfXIlzMRhclRfqfjX0E,https://www.google.com/maps/place/?q=place_id:ChIJCxNNAfXIlzMRhclRfqfjX0E
UnionBank of the Philippines - BGC The Luxe Residences,Bank,OPERATIONAL,Taguig,NCR,NCR,"Luxe Residences, 28th St 4th Ave, G/F, Shop 3, The, Taguig, 1630, Philippines",14.5508344,121.0463297,1,5,ChIJtXuMwFfJlzMRxlPeG_J2xg4,https://www.google.com/maps/place/?q=place_id:ChIJtXuMwFfJlzMRxlPeG_J2xg4
UnionBank of the Philippines - Pascor Drive,Bank,OPERATIONAL,Parañaque,NCR,NCR,"Skyfreight Center, Pascor Drive, Ninoy Aquino Ave, Pasay City, 1300, Philippines",14.507236,121.0008008,2.7,9,ChIJHbVT4rzOlzMRfvUVaGdpI70,https://www.google.com/maps/place/?q=place_id:ChIJHbVT4rzOlzMRfvUVaGdpI70
UnionBank,Bank,OPERATIONAL,Makati,NCR,NCR,"Twin Cities Condominium, 110 Legazpi Street, Legazpi Village, Makati City, 1223 Metro Manila, Philippines",14.5537522,121.021778,2.5,10,ChIJY9GpiaXJlzMRsg8e_JDfnPM,https://www.google.com/maps/place/?q=place_id:ChIJY9GpiaXJlzMRsg8e_JDfnPM
UnionBank of the Philippines - Triangle Drive Br,Bank,OPERATIONAL,Taguig,NCR,NCR,"BGC Corporate Center, 1012 North Triangle Drive Shop 3 G/F Philplans Building, Taguig, 1630, Philippines",14.5603515,121.0562294,2.2,21,ChIJC2wB11_IlzMRzuremTPpUho,https://www.google.com/maps/place/?q=place_id:ChIJC2wB11_IlzMRzuremTPpUho
Unionbank of the Philippines,Bank,OPERATIONAL,Pasay City,NCR,NCR,"952 Juan Luna St, Malate, Pasay City, 1004 Metro Manila, Philippines",14.5620657,120.9952071,2.4,9,ChIJbRs1HHvJlzMRest7zpHRcuA,https://www.google.com/maps/place/?q=place_id:ChIJbRs1HHvJlzMRest7zpHRcuA
"UnionBank of the Philippines - San Fernando, Pampanga",Bank,OPERATIONAL,San Fernando,Pampanga,Central Luzon,"3M Bldg, 69 Manila North Road, MacArthur Hwy, San Fernando, 2000, Philippines",15.0478736,120.6676686,2.5,20,ChIJj2ejNHn4ljMRdZWCc4k5J9s,https://www.google.com/maps/place/?q=place_id:ChIJj2ejNHn4ljMRdZWCc4k5J9s
UnionBank of the Philippines - Annapolis,Bank,OPERATIONAL,San Juan City,NCR,NCR,"Missouri Street G/F Unit 133 Promenade Missourimcor. Annapolis St, Annapolis St, San Juan City, 1503, Philippines",14.6038008,121.0518356,3.2,9,ChIJb9eI8923lzMRCMAz_gv-IME,https://www.google.com/maps/place/?q=place_id:ChIJb9eI8923lzMRCMAz_gv-IME
UnionBank of the Philippines - Greenhills,Bank,OPERATIONAL,San Juan City,NCR,NCR,"Ortigas Avenue, corner Wilson, San Juan City, 1503, Philippines",14.6003696,121.0480153,2.6,11,ChIJFwn2k963lzMRhyQhEM3Ws_M,https://www.google.com/maps/place/?q=place_id:ChIJFwn2k963lzMRhyQhEM3Ws_M
UnionBank of the Philippines - Cardinal Santos,Bank,OPERATIONAL,San Juan City,NCR,NCR,"G/F, Cardinal Santos Medical Center, Wilson, Greenhills West, San Juan City, 1503 Metro Manila, Philippines",14.5977279,121.0465373,3,4,ChIJ1dM6aZLJlzMRgcp2MJvatJw,https://www.google.com/maps/place/?q=place_id:ChIJ1dM6aZLJlzMRgcp2MJvatJw
UnionBank of the Philippines - Tomas Morato,Bank,OPERATIONAL,Quezon City,NCR,NCR,"Tomas Morato Avenue, Corner Sct. Lozano St, Quezon City, 1100, Philippines",14.629422,121.0343929,3.8,6,ChIJybv2T7O3lzMRlqzC53g2bqs,https://www.google.com/maps/place/?q=place_id:ChIJybv2T7O3lzMRlqzC53g2bqs
UnionBank of the Philippines - ICTSI - Branch,Bank,OPERATIONAL,Manila,NCR,NCR,"MICT South Access Road G/F ICTSI Administration Bldg, Manila, 1012, Philippines",14.59694,120.9544162,2.5,4,ChIJgaMwxmfKlzMRiYhp87-YQ0g,https://www.google.com/maps/place/?q=place_id:ChIJgaMwxmfKlzMRiYhp87-YQ0g
UnionBank subsidiary CitySavings,Bank,OPERATIONAL,Urdaneta City,Pangasinan,Ilocos Region,"Urdaneta City, Pangasinan, Philippines",15.9758027,120.5706933,3.3,4,ChIJCRc2ebI_kTMRHCRZOJY_XAk,https://www.google.com/maps/place/?q=place_id:ChIJCRc2ebI_kTMRHCRZOJY_XAk
UnionBank of the Philippines - Tarlac,Bank,OPERATIONAL,Tarlac City,Tarlac,Central Luzon,"MacArthur Highway Jaral Bldg., cor. Juan Luna St Tarlac, 2300, Philippines",15.4872733,120.5961231,1.7,55,ChIJP4UNnT3GljMRsK8DAomeYQs,https://www.google.com/maps/place/?q=place_id:ChIJP4UNnT3GljMRsK8DAomeYQs
UnionBank of the Philippines - Angeles,Bank,OPERATIONAL,Angeles,Pampanga,Central Luzon,"263 Fil-Am Friendship Highway G/F, Building 1, Unit 1 & 2, Central Town Mall, 2 Brgy, Angeles, 2009, Philippines",15.1296595,120.574517,2.6,37,ChIJ6ZjBelXyljMRZfWv5ri8DME,https://www.google.com/maps/place/?q=place_id:ChIJ6ZjBelXyljMRZfWv5ri8DME
UnionBank of the Philippines - Tuguegarao,Bank,OPERATIONAL,Tuguegarao City,Cagayan,Cagayan Valley,"Bagay Road, corner Andrews St, Tuguegarao City, 3500, Philippines",17.6220815,121.7227364,4.8,9,ChIJzRaveC6EhTMRNyW9sBbzeLw,https://www.google.com/maps/place/?q=place_id:ChIJzRaveC6EhTMRNyW9sBbzeLw
"UnionBank of the Philippines - Cauayan, Isabela",Bank,OPERATIONAL,Cauayan City,Isabela,Cagayan Valley,"135 Pan-Philippine Highway G/F Isabela Trade Center Building,National Highway, Cauayan City, 3305, Philippines",16.9374814,121.7673036,2.3,3,ChIJya1sT6pRhTMRKyOPVicDT98,https://www.google.com/maps/place/?q=place_id:ChIJya1sT6pRhTMRKyOPVicDT98
UnionBank,Bank,OPERATIONAL,Las Piñas,NCR,NCR,"Alabang-Zapote Road, corner Crispina Ave, Las Piñas, 1740, Philippines",14.4495296,120.981981,2.6,43,ChIJcakVrf7NlzMRvNIp9zzuS5s,https://www.google.com/maps/place/?q=place_id:ChIJcakVrf7NlzMRvNIp9zzuS5s
UnionBank of the Philippines - Cainta,Bank,OPERATIONAL,Cainta,Rizal,CALABARZON,"Felix Avenue, corner Karangalan Dr, Cainta, 1900, Philippines",14.6101514,121.1038464,1.9,99,ChIJg1-zgmy4lzMRLjsvocXTCiE,https://www.google.com/maps/place/?q=place_id:ChIJg1-zgmy4lzMRLjsvocXTCiE
UnionBank of the Philippines - JP Rizal,Bank,OPERATIONAL,Makati City,NCR,NCR,"731 J. P. Rizal St, Makati City, 1208 Metro Manila, Philippines",14.5696426,121.0241209,2.5,17,ChIJsTG9F6_JlzMRkHUxMjUZ7IY,https://www.google.com/maps/place/?q=place_id:ChIJsTG9F6_JlzMRkHUxMjUZ7IY
UnionBank of the Philippines - Medical City,Bank,OPERATIONAL,Pasig,NCR,NCR,"Ortigas Avenue The Medical Arts Tower, Medical City Hospital, Pasig, 1604, Philippines",14.5902404,121.0696519,2.9,11,ChIJ63bh4ATIlzMRP-14W4lKvqw,https://www.google.com/maps/place/?q=place_id:ChIJ63bh4ATIlzMRP-14W4lKvqw
UnionBank of the Philippines - Kalookan 11th,Bank,OPERATIONAL,Caloocan,NCR,NCR,"357 Rizal Avenue Extension, 11th, Grace Park West, Caloocan, 1406, Philippines",14.6532729,120.9837191,3.1,33,ChIJ5_AAEiu0lzMRPck3EA9kgoQ,https://www.google.com/maps/place/?q=place_id:ChIJ5_AAEiu0lzMRPck3EA9kgoQ
UnionBank of the Philippines - Santiago Isabela,Bank,OPERATIONAL,Santiago,Isabela,Cagayan Valley,"Daang Maharlika National Road, Santiago, 3311, Philippines",16.688649,121.5513789,2.3,10,ChIJ8aTvWBwGkDMRNXs7dxkAVvE,https://www.google.com/maps/place/?q=place_id:ChIJ8aTvWBwGkDMRNXs7dxkAVvE
UnionBank of the Philippines - Katipunan,Bank,OPERATIONAL,Quezon City,NCR,NCR,"G/F, Elizabeth Hall Bldg, Katipunan Ave, Quezon City, 1108 Metro Manila, Philippines",14.6465907,121.0739791,4.8,10,ChIJN4OuKH-3lzMRr0ORJmVwaYs,https://www.google.com/maps/place/?q=place_id:ChIJN4OuKH-3lzMRr0ORJmVwaYs
UnionBank of the Philippines - Roosevelt,Bank,OPERATIONAL,Quezon City,NCR,NCR,"244 Fernando Poe Jr. Ave, San Francisco del Monte, Quezon City, 1105 Metro Manila, Philippines",14.6473166,121.0177112,3.5,14,ChIJkQM3H_a2lzMRyQoD7FsE2r8,https://www.google.com/maps/place/?q=place_id:ChIJkQM3H_a2lzMRyQoD7FsE2r8
UnionBank of the Philippines - West Baler,Bank,OPERATIONAL,Quezon City,NCR,NCR,"91-A West Ave, Project 7, Quezon City, 1105 Metro Manila, Philippines",14.6486332,121.028197,2.4,9,ChIJiwcYyP62lzMRm7P3pkfEn18,https://www.google.com/maps/place/?q=place_id:ChIJiwcYyP62lzMRm7P3pkfEn18
UnionBank of the Philippines - E. Rodriguez,Bank,OPERATIONAL,Quezon City,NCR,NCR,"Katipunan Bldg, 95 E E Rodriguez Sr. Ave, Quezon City, 1113 Metro Manila, Philippines",14.6187055,121.0111958,2.6,14,ChIJCw3p3Be2lzMRq1QNFjmcr2g,https://www.google.com/maps/place/?q=place_id:ChIJCw3p3Be2lzMRq1QNFjmcr2g
UnionBank of the Philippines - Cubao P. Tuazon,Bank,OPERATIONAL,Quezon City,NCR,NCR,"7th Avenue, Corner P. Tuazon Blvd, Cubao, Quezon City, 1109, Philippines",14.6169323,121.0545523,2.3,35,ChIJBSo9vMG3lzMR4WyhICbQ6Pw,https://www.google.com/maps/place/?q=place_id:ChIJBSo9vMG3lzMR4WyhICbQ6Pw
UnionBank of the Philippines - Kamias,Bank,OPERATIONAL,Quezon City,NCR,NCR,"72 Kamias Road G/F, TDS Building, Quezon City, 1100, Philippines",14.6326627,121.0528765,2.3,6,ChIJM5_bGaO3lzMRIgbynoqHmzo,https://www.google.com/maps/place/?q=place_id:ChIJM5_bGaO3lzMRIgbynoqHmzo
UnionBank of the Philippines - Del Monte,Bank,OPERATIONAL,Quezon City,NCR,NCR,"345 Del Monte Avenue, corner Banawe St, Quezon City, 1115, Philippines",14.638546,121.0010902,2.5,8,ChIJFR7CiG-2lzMRhrF3JFWW0KU,https://www.google.com/maps/place/?q=place_id:ChIJFR7CiG-2lzMRhrF3JFWW0KU
UnionBank of the Philippines - Ali Mall,Bank,OPERATIONAL,Quezon City,NCR,NCR,"Financial Center, Ali Mall, P.Tuazon Boulvard Araneta Center, Quezon City, 1109, Philippines",14.6193997,121.0567676,1.8,53,ChIJ44r_qOq3lzMR-LG4BIJZ5O0,https://www.google.com/maps/place/?q=place_id:ChIJ44r_qOq3lzMR-LG4BIJZ5O0
UnionBank of the Philippines - Aurora Blvd,Bank,OPERATIONAL,Quezon City,NCR,NCR,"677 Aurora Blvd, Broadway Ave, Quezon City, 1112, Philippines",14.6130097,121.0328131,2.8,10,ChIJKcUgVy22lzMRk5KgGLIH7jg,https://www.google.com/maps/place/?q=place_id:ChIJKcUgVy22lzMRk5KgGLIH7jg
UnionBank of the Philippines - GMA Timog,Bank,OPERATIONAL,Quezon City,NCR,NCR,"Cabrera Building I, 130 Timog Ave, Diliman, Quezon City, 1103 Metro Manila, Philippines",14.6328403,121.0436538,3.1,8,ChIJw6O83q-3lzMRWHtahBB5oqQ,https://www.google.com/maps/place/?q=place_id:ChIJw6O83q-3lzMRWHtahBB5oqQ
UnionBank of the Philippines - Visayas Avenue,Bank,OPERATIONAL,Quezon City,NCR,NCR,"47 Visayas Ave, Quezon City, Metro Manila, Philippines",14.671592,121.0437373,2.8,32,ChIJzdfUBCW3lzMRD_ce2XT9_kU,https://www.google.com/maps/place/?q=place_id:ChIJzdfUBCW3lzMRD_ce2XT9_kU
UnionBank of the Philippines - Aurora LRT2 Balete,Bank,OPERATIONAL,Quezon City,NCR,NCR,"Balete DriveMarsk Realty Building, 738 Aurora Blvd, Quezon City, 1111 Metro Manila, Philippines",14.6167289,121.0398444,4.5,4,ChIJgWkKpc63lzMRZCOsZSV-neU,https://www.google.com/maps/place/?q=place_id:ChIJgWkKpc63lzMRZCOsZSV-neU
UnionBank of the Philippines - Mayon/Retiro,Bank,OPERATIONAL,Quezon City,NCR,NCR,"ACI Group Building, 178 Mayon St, Santa Mesa Heights, Quezon City, 1114 Metro Manila, Philippines",14.6313254,120.9955903,2.9,13,ChIJETTpMHO2lzMRAa_H0Kabb6M,https://www.google.com/maps/place/?q=place_id:ChIJETTpMHO2lzMRAa_H0Kabb6M
UnionBank of the Philippines - Cabanatuan,Bank,OPERATIONAL,Cabanatuan City,Nueva Ecija,Central Luzon,"Burgos Avenue, Cabanatuan City, Nueva Ecija, Philippines",15.489081,120.9657701,2.8,19,ChIJc14zyiYplzMR_hCLjfHLNBA,https://www.google.com/maps/place/?q=place_id:ChIJc14zyiYplzMR_hCLjfHLNBA
UnionBank of the Philippines - Bicutan,Bank,OPERATIONAL,Parañaque,NCR,NCR,"Better Living Subd, 28 Doña Soledad Ave, Parañaque, 1709 Metro Manila, Philippines",14.4845702,121.0386813,2.3,38,ChIJhZhV7QPPlzMROiTWAzuxdXg,https://www.google.com/maps/place/?q=place_id:ChIJhZhV7QPPlzMROiTWAzuxdXg
UnionBank of the Philippines - Malate,Bank,OPERATIONAL,Manila,NCR,NCR,"Marioco Building, 1945 Adriatico St, Malate, Manila, 1004 Metro Manila, Philippines",14.5694164,120.986442,2,15,ChIJaxktuSrKlzMR_CD5gUBmpLw,https://www.google.com/maps/place/?q=place_id:ChIJaxktuSrKlzMR_CD5gUBmpLw
UnionBank,Bank,OPERATIONAL,Parañaque,NCR,NCR,"MTF Bldg, Kabesang Segundo corner Dr. A. Santos, Parañaque, 1700 Metro Manila, Philippines",14.4712962,121.0078717,1.6,29,ChIJHRzwYWjOlzMRGn-ky9D0wGc,https://www.google.com/maps/place/?q=place_id:ChIJHRzwYWjOlzMRGn-ky9D0wGc
UnionBank of the Philippines - BF Homes,Bank,OPERATIONAL,Parañaque,NCR,NCR,"55 President's Ave, Parañaque, 1719 Metro Manila, Philippines",14.4454107,121.0289894,2.6,14,ChIJJy0GNyzOlzMRwQ4RaBOlWm0,https://www.google.com/maps/place/?q=place_id:ChIJJy0GNyzOlzMRwQ4RaBOlWm0
Unionbank,ATM,OPERATIONAL,Quezon City,NCR,NCR,"677 Aurora Blvd, Quezon City, 1112 Metro Manila, Philippines",14.6130672,121.0329307,1,1,ChIJY1mBUC22lzMRTzXkeQ38J2A,https://www.google.com/maps/place/?q=place_id:ChIJY1mBUC22lzMRTzXkeQ38J2A
Unionbank ATM,ATM,OPERATIONAL,Quezon City,NCR,NCR,"J28Q+MWW, Ground Floor, Marsk Building, Aurora Boulevard corner Balete Drive, Quezon City, Philippines",14.6166753,121.0398574,1,1,ChIJ0_A0u863lzMRTLtEZ8LKHyA,https://www.google.com/maps/place/?q=place_id:ChIJ0_A0u863lzMRTLtEZ8LKHyA
UnionBank ATM - Bataan 2020,ATM,OPERATIONAL,Bataan City,Bataan,Central Luzon,"Roman Superhighway, Samal, Bataan, Philippines",14.767156,120.5002001,5,3,ChIJE3Vq2bZpljMRe8mOwkEHi4E,https://www.google.com/maps/place/?q=place_id:ChIJE3Vq2bZpljMRe8mOwkEHi4E
UnionBank of the Philippines,Bank,OPERATIONAL,Olongapo City,Zambales,Central Luzon,"87 Magsaysay Dr, Olongapo City, 2200 Zambales, Philippines",14.8301718,120.2810187,4.5,8,ChIJ0UCdxRtxljMRXG23xn3jC1E,https://www.google.com/maps/place/?q=place_id:ChIJ0UCdxRtxljMRXG23xn3jC1E
UnionBank of the Philippines - Subic,Bank,OPERATIONAL,Olongapo City,Zambales,Central Luzon,"Manila Avenue Subic Bay Freeport Zone,Cor Dewey Ave, Canal Rd, Olongapo City, 2200, Philippines",14.823035,120.276769,3.1,9,ChIJmXutuhNxljMRrhvlpEkZOvg,https://www.google.com/maps/place/?q=place_id:ChIJmXutuhNxljMRrhvlpEkZOvg
UnionBank ATM - Subic Port Grain Terminal,ATM,OPERATIONAL,Subic Bay Freeport Zone,Bataan,Central Luzon,"Bldg. 8008 Leyte Wharf Cubi Point, SBMA Subic, 2209, Philippines",14.8000727,120.2680662,,,ChIJj_IrUQJxljMRzwD4kLmMGaw,https://www.google.com/maps/place/?q=place_id:ChIJj_IrUQJxljMRzwD4kLmMGaw
UnionBank ATM - AIA,ATM,OPERATIONAL,Subic Bay Freeport Zone,Zambales,Central Luzon,"Subic Bay Metropolitan Authority, Argonaut Hwy, Olongapo City, Zambales, Philippines",14.8176576,120.2806333,,,ChIJmX1-jvhxljMReBGVjreH7Qk,https://www.google.com/maps/place/?q=place_id:ChIJmX1-jvhxljMReBGVjreH7Qk
UnionBank of the Philippines - Pampanga,Bank,OPERATIONAL,San Fernando,Pampanga,Central Luzon,"Jose Abad Santos Avenue Mel-Vi Bldg, Olongapo, Gapan Road, San Fernando, 2000, Philippines",15.041713,120.6831493,1.4,33,ChIJH5H8eBH3ljMRKF6gWMx5YqQ,https://www.google.com/maps/place/?q=place_id:ChIJH5H8eBH3ljMRKF6gWMx5YqQ
UnionBank of the Philippines - Baliwag,Bank,OPERATIONAL,Baliwag,Bulacan,Central Luzon,"17 Pinagbarilan St Unit 3, 3006 Augustine Square, Doña Remedios Trinidad Hwy, Baliwag, 3006, Philippines",14.9554132,120.8869344,2.1,38,ChIJC1V02wAAlzMRFnTg--mL5DQ,https://www.google.com/maps/place/?q=place_id:ChIJC1V02wAAlzMRFnTg--mL5DQ
UnionBank of the Philippines - Meycauayan,Bank,OPERATIONAL,Meycauayan,Bulacan,Central Luzon,"PXP6+HFX Marian Building, G/F MacArthur Hwy, Cawario, Meycauayan, 3020 Bulacan, Philippines",14.7365013,120.9612907,2.5,29,ChIJVZ5T5rSzlzMRLO4kc4PN7xw,https://www.google.com/maps/place/?q=place_id:ChIJVZ5T5rSzlzMRLO4kc4PN7xw
Union Bank Subsidiary City Savings,Bank,OPERATIONAL,San Jose del Monte,Bulacan,Central Luzon,"R37F+QC8, Quirino Hwy, SJDM, Bulacan, Philippines",14.8143905,121.0735821,,,ChIJKQZGVXuvlzMR7qxZFN0Lh_w,https://www.google.com/maps/place/?q=place_id:ChIJKQZGVXuvlzMR7qxZFN0Lh_w
UnionBank of the Philippines - Valenzuela-Fatima,Bank,OPERATIONAL,Valenzuela,NCR,NCR,"Manila North Road Marulas, Km 12, MacArthur Hwy, Valenzuela, 1440, Philippines",14.6806213,120.9794194,3,21,ChIJFQYFrBu0lzMRCzXYb7FGBVQ,https://www.google.com/maps/place/?q=place_id:ChIJFQYFrBu0lzMRCzXYb7FGBVQ
Unionbank ATM,ATM,OPERATIONAL,Meycauayan,Bulacan,Central Luzon,"PXP6+HFX, MacArthur Hwy, Cawario, Meycauayan, 3020 Bulacan, Philippines",14.7364841,120.9612446,5,2,ChIJPUsP57SzlzMR_LjxWX4waUI,https://www.google.com/maps/place/?q=place_id:ChIJPUsP57SzlzMR_LjxWX4waUI
UnionBank of the Philippines - Malinta,Bank,OPERATIONAL,Valenzuela,NCR,NCR,"Mirjan Building, 295 Paso de Blas Road, Maysan Rd, Valenzuela, 1440, Philippines",14.7075369,120.9922545,2.3,15,ChIJb73ntF6xlzMR-Gbqzx08uaA,https://www.google.com/maps/place/?q=place_id:ChIJb73ntF6xlzMR-Gbqzx08uaA
UnionBank of the Philippines - Clark Pampanga,Bank,OPERATIONAL,Mabalacat City,Pampanga,Central Luzon,"Manuel A. Roxas Highway Philexcel Business Park, Clark Freeport, Mabalacat City, 2010, Philippines",15.1735327,120.5358676,2.8,45,ChIJ_ciku6nyljMReKo7-_9ftS8,https://www.google.com/maps/place/?q=place_id:ChIJ_ciku6nyljMReKo7-_9ftS8
Union Bank,ATM,OPERATIONAL,San Fernando,Pampanga,Central Luzon,"3M Bldg, MacArthur Hwy, San Fernando, 2000 Pampanga, Philippines",15.0479101,120.667614,1.8,6,ChIJG042fuD2ljMRz0BfJIwTVWE,https://www.google.com/maps/place/?q=place_id:ChIJG042fuD2ljMRz0BfJIwTVWE
UnionBank of the Philippines - Malabon Acacia,Bank,OPERATIONAL,Malabon,NCR,NCR,"31 B. Rivera Street, Cor Gov. Pascual Ave, Malabon, 1474, Philippines",14.6697068,120.9698736,3.3,19,ChIJe2Rcrj60lzMRtOQ9R-CjIYo,https://www.google.com/maps/place/?q=place_id:ChIJe2Rcrj60lzMRtOQ9R-CjIYo
UnionBank of the Philippines - Edsa-Kalookan,Bank,OPERATIONAL,Caloocan,NCR,NCR,"512 Epifano de los Santos Avenue, cor Urbano Plata Rd, St, Caloocan, 1403, Philippines",14.6569179,120.9927436,2.8,14,ChIJn_Mp7oO2lzMRYjfpOKiHMfE,https://www.google.com/maps/place/?q=place_id:ChIJn_Mp7oO2lzMRYjfpOKiHMfE
UnionBank of the Philippines - Navotas,Bank,OPERATIONAL,Navotas,NCR,NCR,"817 M M. Naval St, Navotas, 1485 Metro Manila, Philippines",14.6560006,120.9481008,1.8,15,ChIJR7etkay1lzMRDnh6qaqvl7Y,https://www.google.com/maps/place/?q=place_id:ChIJR7etkay1lzMRDnh6qaqvl7Y
UnionBank of the Philippines - Sto. Cristo,Bank,OPERATIONAL,Manila,NCR,NCR,"Burke Plaza, Sto Cristo Street Units LG 01, 02, 06, cor San Fernando St, Binondo, Manila, 1010, Philippines",14.5996085,120.9728431,4.8,5,ChIJMzxEQBrKlzMRsNfUUaFILlk,https://www.google.com/maps/place/?q=place_id:ChIJMzxEQBrKlzMRsNfUUaFILlk
UnionBank of the Philippines - Dasmarinas-Binondo,Bank,OPERATIONAL,Manila,NCR,NCR,"Q. Paredes Street G.A.Cu-Unjieng Bldg, corner Dasmariñas St, Binondo, Manila, 1006, Philippines",14.5975743,120.9764302,2.2,13,ChIJWSLbdhrKlzMR8dUlqDpv1eM,https://www.google.com/maps/place/?q=place_id:ChIJWSLbdhrKlzMR8dUlqDpv1eM
UnionBank of the Philippines - Mayhaligue,Bank,OPERATIONAL,Manila,NCR,NCR,"1420 Masangkay Street G/F One Masangkay Place, Sta Cruz, Mayhaligue St, Manila, 1012, Philippines",14.6095501,120.9798931,,,ChIJxSZ1EwfKlzMRm3qYzBKBf-0,https://www.google.com/maps/place/?q=place_id:ChIJxSZ1EwfKlzMRm3qYzBKBf-0
UnionBank of the Philippines - Vertex One,Bank,OPERATIONAL,Manila,NCR,NCR,"Vertex One, 2113 Felix Huertas, building San Lazaro, Manila, 1014, Philippines",14.6194344,120.9850132,2.5,19,ChIJm6pPJP21lzMRlTt4T3V1KAY,https://www.google.com/maps/place/?q=place_id:ChIJm6pPJP21lzMRlTt4T3V1KAY
ATM - Unionbank,ATM,OPERATIONAL,Cabanatuan City,Nueva Ecija,Central Luzon,"FXQ8+M79, P. Burgos Street, Cabanatuan City, Nueva Ecija, Philippines",15.4891461,120.9657266,3.5,2,ChIJ9W3lwyEplzMRYFiXVBP7b8Y,https://www.google.com/maps/place/?q=place_id:ChIJ9W3lwyEplzMRYFiXVBP7b8Y
UnionBank of the Philippines - C5-QC/Libis,Bank,OPERATIONAL,Quezon City,NCR,NCR,"184b Eulogio Rodriguez Jr. Ave, Quezon City, 1110 Metro Manila, Philippines",14.6089747,121.0774483,2.3,18,ChIJxa7vsPe3lzMRRy7a5ghWqnM,https://www.google.com/maps/place/?q=place_id:ChIJxa7vsPe3lzMRRy7a5ghWqnM
UnionBank of the Philippines - Eastwood City,Bank,OPERATIONAL,Quezon City,NCR,NCR,"Eastwood Palm Tree Avenue, G/F Unit LGR1-6, East Le Grand Tower, One 1 Brgy, Quezon City, 1110, Philippines",14.6079185,121.0815524,1.9,29,ChIJ63k3rve3lzMRaMAM7Sratv8,https://www.google.com/maps/place/?q=place_id:ChIJ63k3rve3lzMRaMAM7Sratv8
UnionBank of the Philippines - Acropolis,Bank,OPERATIONAL,Quezon City,NCR,NCR,"Bridgeview Bldg, 171 Eulogio Rodriguez Jr. Ave, Quezon City, 1110 Metro Manila, Philippines",14.6097395,121.0761121,2.2,6,ChIJB3AUwve3lzMRqhHGGYROxRU,https://www.google.com/maps/place/?q=place_id:ChIJB3AUwve3lzMRqhHGGYROxRU
UnionBank of the Philippines - Sto. Domingo,Bank,OPERATIONAL,Quezon City,NCR,NCR,"560 Quezon Avenue G/F Elements Bldg, Brgy, Quezon City, 1114, Philippines",14.6255464,121.0105827,3.4,18,ChIJo1wTsfe3lzMR7YY0PZc4Ae8,https://www.google.com/maps/place/?q=place_id:ChIJo1wTsfe3lzMR7YY0PZc4Ae8
UnionBank ATM - PELCO,ATM,OPERATIONAL,Mexico,Pampanga,Central Luzon,"Pampanga I Electric Coop Inc, Mexico, Pampanga, Philippines",15.0743071,120.7488136,,,ChIJR-_li-f7ljMRpIp0jwgaXI0,https://www.google.com/maps/place/?q=place_id:ChIJR-_li-f7ljMRpIp0jwgaXI0
UnionBank ATM - SL Clark,ATM,OPERATIONAL,Mabalacat City,Pampanga,Central Luzon,"Building, Berthaphil II, Clarkfield, Jose Abad Santos Avenue, Clark Freeport, Mabalacat City, Pampanga, Philippines",15.1768629,120.5308342,,,ChIJgz7iH1vtljMR4j9iukLr8q8,https://www.google.com/maps/place/?q=place_id:ChIJgz7iH1vtljMR4j9iukLr8q8
Union Bank Atm,ATM,OPERATIONAL,Mabalacat City,Pampanga,Central Luzon,"The Pavilion Mall, M.A Roxas Highway, Clark Freeport, Mabalacat City, 2009 Pampanga, Philippines",15.1735635,120.5358036,3.7,3,ChIJP3M9u6nyljMRPBX9LyyJEg0,https://www.google.com/maps/place/?q=place_id:ChIJP3M9u6nyljMRPBX9LyyJEg0
UnionBank ATM - PILMICO Tarlac,ATM,OPERATIONAL,Capas,Tarlac,Central Luzon,"Santo Domingo, MacArthur Hwy, Capas, Tarlac, Philippines",15.3529394,120.599625,1,1,ChIJs7UXE__BljMR0p79kSjP-BU,https://www.google.com/maps/place/?q=place_id:ChIJs7UXE__BljMR0p79kSjP-BU
UnionBank ATM - SITEL Tarlac,ATM,OPERATIONAL,Tarlac City,Tarlac,Central Luzon,"Level 2 Robinsons Place, Tarlac City, Tarlac, Philippines",15.4314062,120.5995504,3.7,3,ChIJR8JN6yzHljMR9OiCxUElsOE,https://www.google.com/maps/place/?q=place_id:ChIJR8JN6yzHljMR9OiCxUElsOE
Unionbank - Frontera Verde,Bank,OPERATIONAL,Pasig,NCR,NCR,"Transcom Bldg, Eulogio Rodriguez Jr. Ave, Pasig, 1604 Metro Manila, Philippines",14.5869299,121.0789901,1.9,35,ChIJDdYN8wfIlzMRhkyWvIqU6Ok,https://www.google.com/maps/place/?q=place_id:ChIJDdYN8wfIlzMRhkyWvIqU6Ok
UnionBank of the Philippines - Shaw Pasig,Bank,OPERATIONAL,Pasig,NCR,NCR,"18 Shaw Boulevard Chipeco, Corner Meralco Ave, Pasig, 1605, Philippines",14.5752746,121.0609792,2,14,ChIJkwZeXeLJlzMR9_n_FprJlT0,https://www.google.com/maps/place/?q=place_id:ChIJkwZeXeLJlzMR9_n_FprJlT0
UnionBank of the Philippines - BGC 34th St. / Panorama,Bank,OPERATIONAL,Taguig,NCR,NCR,"34th Street G/F Panorama Building, Corner Lane A, Taguig, 1630, Philippines",14.5557838,121.0500696,1.9,12,ChIJq6qekvbIlzMRzsKxv6Xr2_I,https://www.google.com/maps/place/?q=place_id:ChIJq6qekvbIlzMRzsKxv6Xr2_I
UnionBank of the Philippines - Ortigas,Bank,OPERATIONAL,Pasig,NCR,NCR,"29 San Miguel Avenue G/F The Crescent Condominium, Ortigas Center, Pasig, 1605, Philippines",14.5808285,121.0595836,2.4,10,ChIJDTh5tmrIlzMR_vQGXVv7V1E,https://www.google.com/maps/place/?q=place_id:ChIJDTh5tmrIlzMR_vQGXVv7V1E
UnionBank of the Philippines - Boni Ave,Bank,OPERATIONAL,Mandaluyong City,NCR,NCR,"655 Boni Avenue, Corner Ligaya, Mandaluyong City, 1550, Philippines",14.5765217,121.0385766,1.8,33,ChIJX9vq90vIlzMRK5fCC6U-EvE,https://www.google.com/maps/place/?q=place_id:ChIJX9vq90vIlzMRK5fCC6U-EvE
UnionBank of the Philippines - Pasay,Bank,OPERATIONAL,Pasay City,NCR,NCR,"2528 Taft Ave, Pasay City, 1303 Metro Manila, Philippines",14.5441406,120.9995835,2.4,34,ChIJjz-1z0LJlzMRnTt82qIinGw,https://www.google.com/maps/place/?q=place_id:ChIJjz-1z0LJlzMRnTt82qIinGw
UnionBank,Bank,OPERATIONAL,Bacoor,Cavite,CALABARZON,"Radial Road 2 Addio Bldg. Talaba, Aguinaldo Hwy, Bacoor, 4102, Philippines",14.4598474,120.9604056,2.2,49,ChIJlWT0P5LNlzMRMvdK4-f-SJc,https://www.google.com/maps/place/?q=place_id:ChIJlWT0P5LNlzMRMvdK4-f-SJc
UnionBank of the Philippines - Dasmarinas Cavite,Bank,OPERATIONAL,Dasmariñas,Cavite,CALABARZON,"Aguinaldo Hi-way, corner Congressional Rd, Dasmariñas, 4114, Philippines",14.3265441,120.9406324,2.1,73,ChIJWX3AGwDVlzMRu3VeqIG_F9s,https://www.google.com/maps/place/?q=place_id:ChIJWX3AGwDVlzMRu3VeqIG_F9s
UnionBank,Bank,OPERATIONAL,Imus,Cavite,CALABARZON,"Aguinaldo Hi-way Melta Building, cor Sampaguita Village, Imus, 4103, Philippines",14.4200063,120.9414301,1.6,62,ChIJ-7W9__fSlzMRgNQjjhMDDck,https://www.google.com/maps/place/?q=place_id:ChIJ-7W9__fSlzMRgNQjjhMDDck
Union Bank,ATM,OPERATIONAL,Dasmariñas,Cavite,CALABARZON,"8WGR+J76, Aguinaldo Hwy, Pasong Lawin, Dasmariñas, 4114 Cavite, Philippines",14.3265481,120.9406804,3,6,ChIJ320iGQDVlzMROh3awVh_0nY,https://www.google.com/maps/place/?q=place_id:ChIJ320iGQDVlzMROh3awVh_0nY
UnionBank of the Philippines - Binan-Carmona,Bank,OPERATIONAL,Carmona,Cavite,CALABARZON,"Daang Governor Golden Mile Business Park, Brgy. Brgy. Maduya,National Highway, Carmona, 4116, Philippines",14.3256955,121.0666233,2,33,ChIJI0ZUlGjXlzMRqrutLbmu-V4,https://www.google.com/maps/place/?q=place_id:ChIJI0ZUlGjXlzMRqrutLbmu-V4
UnionBank of the Philippines - Tagaytay,Bank,OPERATIONAL,Tagaytay City,Cavite,CALABARZON,"G/F, Prime Residences, Tagaytay - Calamba Rd, Tagaytay City, 4120 Cavite, Philippines",14.1176405,120.9643007,2.9,38,ChIJpXXm_N95vTMRsQSliOH3rmw,https://www.google.com/maps/place/?q=place_id:ChIJpXXm_N95vTMRsQSliOH3rmw
UnionBank ATM - DLSU-Dasmarinas,ATM,OPERATIONAL,Dasmariñas,Cavite,CALABARZON,"West Ave De La Salle University Dasmarinas Administration Bldg Dasmarinas City, Philippines",14.3211305,120.9618828,5,2,ChIJWXddNkjVlzMRN9zIl2U6w1U,https://www.google.com/maps/place/?q=place_id:ChIJWXddNkjVlzMRN9zIl2U6w1U
UnionBank ATM - DLSU Medical,ATM,OPERATIONAL,Dasmariñas,Cavite,CALABARZON,"G/F, DLSUMC New Building, Governor, D. Mangubat, Dasmariñas, Philippines",14.3274285,120.9434626,,,ChIJwbJAfTTVlzMR0TXuGHYZOfA,https://www.google.com/maps/place/?q=place_id:ChIJwbJAfTTVlzMR0TXuGHYZOfA
UnionBank ATM - Twin Lakes,ATM,OPERATIONAL,Alfonso,Cavite,CALABARZON,"Vineyard Resort Community, Tagaytay-Nasugbu Highway Twin Lakes Tagaytay, Alfonso, Philippines",14.0687278,120.8569063,,,ChIJNegv3VudvTMRo6If1-tIHVc,https://www.google.com/maps/place/?q=place_id:ChIJNegv3VudvTMRo6If1-tIHVc
UnionBank ATM - SL Carmona,ATM,OPERATIONAL,Carmona,Cavite,CALABARZON,"Phase 2, lot 562, Warehouse Phase 1 and, B-3 Governor's Dr, Carmona, Philippines",14.3154246,121.0542274,2.3,3,ChIJL1hs7urXlzMRnk8x5z21ANI,https://www.google.com/maps/place/?q=place_id:ChIJL1hs7urXlzMRnk8x5z21ANI
UnionBank ATM - MJC Carmona,ATM,OPERATIONAL,Carmona,Cavite,CALABARZON,"San Lazaro Leasure Park, Governor's Dr, Carmona, Philippines",14.2967796,121.0346705,4,1,ChIJhZbsb5zXlzMRBI7JVziv-Ec,https://www.google.com/maps/place/?q=place_id:ChIJhZbsb5zXlzMRBI7JVziv-Ec
UnionBank of the Philippines - Paseo de Magallanes,Bank,OPERATIONAL,Makati City,NCR,NCR,"2 Santiago St, Makati City, 1232 Metro Manila, Philippines",14.5387937,121.017122,3,4,ChIJH404GTzJlzMRBS3mlJ3M1m8,https://www.google.com/maps/place/?q=place_id:ChIJH404GTzJlzMRBS3mlJ3M1m8
UnionBank of the Philippines - Pasong Tamo -Ext,Bank,OPERATIONAL,Makati City,NCR,NCR,"BCS Prime, 2297 Chino Roces Ave, Extension, Makati City, 1232 Metro Manila, Philippines",14.5348001,121.0219893,1.8,14,ChIJKaKZKiXJlzMRezrnCAg7Wbg,https://www.google.com/maps/place/?q=place_id:ChIJKaKZKiXJlzMRezrnCAg7Wbg
UnionBank of the Philippines - Ayala Alabang Country Club,Bank,OPERATIONAL,Muntinlupa,NCR,NCR,"113 Country Club Drive Main Lobby, Alabang Country Club, Muntinlupa, 1780, Philippines",14.403411,121.016761,5,2,ChIJk-aDrqbRlzMRDIRSci6Kaw8,https://www.google.com/maps/place/?q=place_id:ChIJk-aDrqbRlzMRDIRSci6Kaw8
UnionBank of the Philippines - Sta Rosa,Bank,OPERATIONAL,City of Santa Rosa,Laguna,CALABARZON,"Brgy Malusak, 718 Rizal Boulevard, Corner Zavalla St, City of Santa Rosa, 4026, Philippines",14.3129457,121.1123619,2.8,30,ChIJGVkVfrHZlzMR-V3ln4qnSFE,https://www.google.com/maps/place/?q=place_id:ChIJGVkVfrHZlzMR-V3ln4qnSFE
UnionBank of the Philippines - Pasong Tamo JTKC,Bank,OPERATIONAL,Makati City,NCR,NCR,"G/F, JTKC Building, 2155 Chino Roces Ave, Makati City, 1230 Metro Manila, Philippines",14.5545666,121.0139775,2.8,20,ChIJQyhyhA3JlzMRrQK6l1MjuMA,https://www.google.com/maps/place/?q=place_id:ChIJQyhyhA3JlzMRrQK6l1MjuMA
UnionBank of the Philippines - Muntinlupa,Bank,OPERATIONAL,Muntinlupa,NCR,NCR,"Ground Floor Jaysons Building, National Road, Muntinlupa, 1772, Philippines",14.3917956,121.044749,2.9,20,ChIJMyte1PnQlzMRbLwsqog-lW0,https://www.google.com/maps/place/?q=place_id:ChIJMyte1PnQlzMRbLwsqog-lW0
UnionBank of the Philippines - Alabang Town Center,Bank,OPERATIONAL,Muntinlupa,NCR,NCR,"Commerce Ave., Makati Supermart Alabang, Alabang Town Center, Muntinlupa, 1780 Metro Manila, Philippines",14.4224994,121.0300332,3.1,36,ChIJ-XzETs7RlzMRWJVLvNaS_7w,https://www.google.com/maps/place/?q=place_id:ChIJ-XzETs7RlzMRWJVLvNaS_7w
UnionBank of the Philippines - Paseo de Sta Rosa,Bank,OPERATIONAL,City of Santa Rosa,Laguna,CALABARZON,"United Boulevard G/F The Medical City South Luzon, City of Santa Rosa, 4026, Philippines",14.2484026,121.0670776,3.2,22,ChIJHbdj2kd9vTMRs9PxX3rdixI,https://www.google.com/maps/place/?q=place_id:ChIJHbdj2kd9vTMRs9PxX3rdixI
UnionBank of the Philippines - Calamba Parian,Bank,OPERATIONAL,Calamba,Laguna,CALABARZON,"Anderson Bldg, Manila South Road, 1 National Highway, Calamba, 4027, Philippines",14.2094782,121.1538413,2.1,55,ChIJm0ihWpZjvTMRODZ-LW1QWPo,https://www.google.com/maps/place/?q=place_id:ChIJm0ihWpZjvTMRODZ-LW1QWPo
A Unionbank Subsidiary City Savings,Bank,OPERATIONAL,Calamba,Laguna,CALABARZON,"6553+PHH, Manila S Rd, Calamba, 4027 Laguna, Philippines",14.2093116,121.1539846,3,2,ChIJB8ch9stjvTMRcujc9D79J2k,https://www.google.com/maps/place/?q=place_id:ChIJB8ch9stjvTMRcujc9D79J2k
ATM - Unionbank,ATM,OPERATIONAL,City of Santa Rosa,Laguna,CALABARZON,"8476+5XC, Rizal Boulevard, corner Zavalla Street, Laguna, City of Santa Rosa, 4026, Philippines",14.312944,121.1123884,,,ChIJtUbqnrrZlzMRSmfngL_A0So,https://www.google.com/maps/place/?q=place_id:ChIJtUbqnrrZlzMRSmfngL_A0So
UnionBank of the Philippines - Lima,Bank,OPERATIONAL,Lipa City,Batangas,CALABARZON,"Special Economic Zone, Malvar Unit GC-R04 and GC-R05, The Outlets, LIMA Technological Center, Lipa City, 4217 Batangas, Philippines",14.0089922,121.1688403,2.5,16,ChIJNUNmra5vvTMRxRJoVCRayzw,https://www.google.com/maps/place/?q=place_id:ChIJNUNmra5vvTMRxRJoVCRayzw
UnionBank of the Philippines - Lipa,Bank,OPERATIONAL,Lipa City,Batangas,CALABARZON,"17 B, Morada Ave, Lipa City, 4217 Batangas, Philippines",13.9408062,121.1595725,2.7,24,ChIJRxUfkbxsvTMReDClNBoIqsg,https://www.google.com/maps/place/?q=place_id:ChIJRxUfkbxsvTMReDClNBoIqsg
UnionBank of the Philippines - Batangas,Bank,OPERATIONAL,Batangas City,Batangas,CALABARZON,"President Jose P. Laurel Hwy G/F, Insualr Life Bldg., Brgy, Hilltop Rd, Batangas City, 4200, Philippines",13.7638924,121.0582518,3.4,22,ChIJD2mzzkIFvTMR5EsbzMyRGjw,https://www.google.com/maps/place/?q=place_id:ChIJD2mzzkIFvTMR5EsbzMyRGjw
UnionBank of the Philippines - Newport,Bank,OPERATIONAL,Pasay City,NCR,NCR,"Star Cruises Centre, Newport City, 2012 Andrews Ave, Pasay City, 1303 Metro Manila, Philippines",14.5188553,121.0175599,1.8,10,ChIJGfaGaszOlzMRwRFeM9-boEY,https://www.google.com/maps/place/?q=place_id:ChIJGfaGaszOlzMRwRFeM9-boEY
UnionBank of the Philippines - Richville,Bank,OPERATIONAL,Muntinlupa,NCR,NCR,"Richville Corporate Tower, Madrigal Business Park, Alabang Zapote Road, Muntinlupa, 1780 Metro Manila, Philippines",14.4267131,121.0253665,1.8,22,ChIJf2bdTs7RlzMRXesjmKxQ46Y,https://www.google.com/maps/place/?q=place_id:ChIJf2bdTs7RlzMRXesjmKxQ46Y
Union Bank,ATM,OPERATIONAL,Calamba,Laguna,CALABARZON,"6553+RH4, Manila S Rd, Calamba, 4027 Laguna, Philippines",14.209513,121.153968,2.2,6,ChIJFdiNCcxjvTMRtPHj42y6co0,https://www.google.com/maps/place/?q=place_id:ChIJFdiNCcxjvTMRtPHj42y6co0
UnionBank of the Philippines - Lucena,Bank,OPERATIONAL,Lucena City,Quezon,CALABARZON,"G/F, One People Square, M.L. Tagarao Street, Corner Granja St, Lucena City, 4301, Philippines",13.9367098,121.6127732,1.9,25,ChIJL_0SOVtLvTMRflpiRS7hyOQ,https://www.google.com/maps/place/?q=place_id:ChIJL_0SOVtLvTMRflpiRS7hyOQ
UnionBank of the Philippines - McKinley Hill,Bank,OPERATIONAL,Taguig,NCR,NCR,"Two World Square, 22 Upper Mckinley Rd, McKinley Hill Dr, Taguig, 1630, Philippines",14.5348128,121.0501502,2.1,26,ChIJFTNB2cPIlzMRTGl2E_vp3W0,https://www.google.com/maps/place/?q=place_id:ChIJFTNB2cPIlzMRTGl2E_vp3W0
UnionBank of the Philippines - T. Alonzo,Bank,OPERATIONAL,Manila,NCR,NCR,"625 Teodora, Alonzo St, Manila, 1003, Philippines",14.6023432,120.9784498,5,6,ChIJSQXdIgXKlzMR7egg-GyDu6A,https://www.google.com/maps/place/?q=place_id:ChIJSQXdIgXKlzMR7egg-GyDu6A
UnionBank of the Philippines - Vito Cruz,Bank,OPERATIONAL,Makati City,NCR,NCR,"29 Pablo Ocampo Sr. Extension, Corner Chino Roces Ave, St, Makati City, 1204, Philippines",14.56691,121.0120057,3,20,ChIJsx0gF6_JlzMRt7VfojxHY9Y,https://www.google.com/maps/place/?q=place_id:ChIJsx0gF6_JlzMRt7VfojxHY9Y
UnionBank of the Philippines - Renaissance,Bank,OPERATIONAL,Pasig,NCR,NCR,"29 Meralco Avenue, The Renaissance Center, Pasig, 1604, Philippines",14.5815227,121.0639673,2.9,9,ChIJ13AepWzIlzMRbYnutqNSa3M,https://www.google.com/maps/place/?q=place_id:ChIJ13AepWzIlzMRbYnutqNSa3M
ATM - Unionbank,ATM,OPERATIONAL,Lipa City,Batangas,CALABARZON,"Unionbank Building, B Morada Ave, Lipa City, Batangas, Philippines",13.941082,121.155194,3,2,ChIJKx69DLxsvTMRdRUHVml-3zk,https://www.google.com/maps/place/?q=place_id:ChIJKx69DLxsvTMRdRUHVml-3zk
UnionBank of the Philippines - UN Avenue,Bank,OPERATIONAL,Manila,NCR,NCR,"United Nations Ave, Ermita, Manila, 1000 Metro Manila, Philippines",14.5795945,120.9790304,2.7,22,ChIJpQQCgi_KlzMRp-M4EWSos90,https://www.google.com/maps/place/?q=place_id:ChIJpQQCgi_KlzMRp-M4EWSos90
UnionBank of the Philippines - UnionBank Plaza,Bank,OPERATIONAL,Pasig,NCR,NCR,"Meralco Avenue UnionBank Plaza Bldg,corner, Onyx St, Pasig, 1605, Philippines",14.5870933,121.0634317,3.4,211,ChIJUwOzJH_IlzMRk3309VabT5Y,https://www.google.com/maps/place/?q=place_id:ChIJUwOzJH_IlzMRk3309VabT5Y
UnionBank of the Philippines - Emerald,Bank,OPERATIONAL,Pasig,NCR,NCR,"G/F, Wynsum Corp. Plaza, 22 F. Ortigas Jr. Rd, Ortigas Center, Pasig, 1605 Metro Manila, Philippines",14.5861255,121.0614755,1.6,20,ChIJ296_2RbIlzMRCahCZh7CdEM,https://www.google.com/maps/place/?q=place_id:ChIJ296_2RbIlzMRCahCZh7CdEM
UnionBank of the Philippines - Julia Vargas,Bank,OPERATIONAL,Pasig,NCR,NCR,"Doña Julia Vargas Avenue Centerpoint Condominium, cor Garnet Rd, Pasig, 1605, Philippines",14.5844263,121.0626243,2.3,19,ChIJGyp0NxHIlzMR9Ii5wmDDnLE,https://www.google.com/maps/place/?q=place_id:ChIJGyp0NxHIlzMR9Ii5wmDDnLE
ATM - Unionbank,ATM,OPERATIONAL,Marikina,NCR,NCR,"47 Gil Fernando Ave, Marikina, 1801 Metro Manila, Philippines",14.6230073,121.1020009,2.7,7,ChIJ8WFCCTi4lzMRatGjE_fcvUA,https://www.google.com/maps/place/?q=place_id:ChIJ8WFCCTi4lzMRatGjE_fcvUA
UnionBank of the Philippines - Libertad Mandaluyong,Bank,OPERATIONAL,Mandaluyong City,NCR,NCR,"Domingo M. Guevara California Garden Square, Libertad,GF Cluster El Dorado, Mandaluyong City, 1550, Philippines",14.5792351,121.0467767,2.6,13,ChIJiXDsk0fIlzMRIU_7AwadMo8,https://www.google.com/maps/place/?q=place_id:ChIJiXDsk0fIlzMRIU_7AwadMo8
UnionBank of the Philippines - Shaw Mandaluyong,Bank,OPERATIONAL,Mandaluyong City,NCR,NCR,"G/F PICPA Bldg, 700 Shaw Blvd, Mandaluyong City, 1552, Philippines",14.5842563,121.0503453,3.6,11,ChIJteQRTjnIlzMRhx6csQC2PVQ,https://www.google.com/maps/place/?q=place_id:ChIJteQRTjnIlzMRhx6csQC2PVQ
UnionBank,Bank,OPERATIONAL,Taguig,NCR,NCR,"36th St, Taguig, 1630 Metro Manila, Philippines",14.5563137,121.0539774,2.9,8,ChIJS6H9A_XIlzMR-kngWJq9sro,https://www.google.com/maps/place/?q=place_id:ChIJS6H9A_XIlzMR-kngWJq9sro
UnionBank ATM,ATM,OPERATIONAL,Lucena City,Quezon,CALABARZON,"WJP7+M4V, One People Square, M.L. Tagarao, corner Granja Street, Lucena City, Philippines",13.9367503,121.6127787,1,2,ChIJVXbN3VtLvTMRSrq3u_EEMXU,https://www.google.com/maps/place/?q=place_id:ChIJVXbN3VtLvTMRSrq3u_EEMXU
UnionBank - South Triangle,Bank,OPERATIONAL,Quezon City,NCR,NCR,"1604 Quezon Avenue, corner Sct. Albano, Quezon City, 1103, Philippines",14.6410175,121.0332572,2.9,8,ChIJ_3mWzVS2lzMRlSHUQuyPRUk,https://www.google.com/maps/place/?q=place_id:ChIJ_3mWzVS2lzMRlSHUQuyPRUk
UnionBank of the Philippines - SSS East Avenue,Bank,OPERATIONAL,Quezon City,NCR,NCR,"174 East Avenue G/F SSS Main Building, Quezon City, 1119, Philippines",14.6402207,121.046836,2.3,12,ChIJeV4yTaa3lzMRg2xdxigwH7s,https://www.google.com/maps/place/?q=place_id:ChIJeV4yTaa3lzMRg2xdxigwH7s
UnionBank of the Philippines - WackWack,Bank,OPERATIONAL,Mandaluyong City,NCR,NCR,"6 Shaw Boulevard, Corner S. Laurel, Mandaluyong City, 1552, Philippines",14.5882259,121.0448518,1.6,16,ChIJY86XgTDIlzMR4MNal8MJm5Q,https://www.google.com/maps/place/?q=place_id:ChIJY86XgTDIlzMR4MNal8MJm5Q
UnionBank of the Philippines - Puerto Princesa,Bank,OPERATIONAL,Puerto Princesa City,Palawan,MIMAROPA,"293 J Rizal Avenue Brgy. Maningning,.P, Puerto Princesa City, 5300, Philippines",9.7405128,118.7419042,2.3,7,ChIJtcQTgt5jtTMRAo1Q9VAKSfE,https://www.google.com/maps/place/?q=place_id:ChIJtcQTgt5jtTMRAo1Q9VAKSfE
UnionBank of the Philippines - Paseo De Roxas,Bank,OPERATIONAL,Makati City,NCR,NCR,"G/F, 111 Paseo de Roxas Building, 109 Paseo de Roxas, Legazpi Village, Makati City, 1226 Metro Manila, Philippines",14.5544159,121.0194307,3,4,ChIJYYpuXhDJlzMRuAwP6uBfr20,https://www.google.com/maps/place/?q=place_id:ChIJYYpuXhDJlzMRuAwP6uBfr20
UnionBank of the Philippines - Makati Branch,Bank,OPERATIONAL,Makati City,NCR,NCR,"G/F Citibank Center, 8741 Paseo de Roxas corner, Villar Streets, Makati City 1200, Philippines, 1226 Metro Manila, Philippines",14.5587483,121.0253362,2.6,70,ChIJT7qLiAbJlzMR8nkg0QlNz3Y,https://www.google.com/maps/place/?q=place_id:ChIJT7qLiAbJlzMR8nkg0QlNz3Y
UnionBank of the Philippines - Legaspi,Bank,OPERATIONAL,Legazpi City,Albay,Bicol Region,"85 Landco, Legazpi Port District, Legazpi City, 4500 Albay, Philippines",13.1452906,123.7501062,3,18,ChIJgXzAMoABoTMRyFQHc5pJQHQ,https://www.google.com/maps/place/?q=place_id:ChIJgXzAMoABoTMRyFQHc5pJQHQ
UnionBank of the Philippines - Naga,Bank,OPERATIONAL,Naga City,Camarines Sur,Bicol Region,"G/F, Prime Days Hotel, Panganiban Dr, Naga City, 4400 Camarines Sur, Philippines",13.6212118,123.1991351,2,25,ChIJVVzw8c6MoTMRxTx7eEz07Rk,https://www.google.com/maps/place/?q=place_id:ChIJVVzw8c6MoTMRxTx7eEz07Rk
UnionBank ATM - SL Camsur,ATM,OPERATIONAL,Pili,Camarines Sur,Bicol Region,"Camarines Sur IT Center, IT Park Provincial Capitol Complex, Pili, Philippines",13.5967817,123.245624,5,1,ChIJHxYwDUONoTMRLTtnRUBIVls,https://www.google.com/maps/place/?q=place_id:ChIJHxYwDUONoTMRLTtnRUBIVls
Unionbank City Savings,Bank,OPERATIONAL,Sorsogon City,Sorsogon,Bicol Region,"X2GG+F48, Sorsogon City, Sorsogon, Philippines",12.9761594,124.0253234,4,1,ChIJmUdxuxDvoDMR9pPAzcUASHs,https://www.google.com/maps/place/?q=place_id:ChIJmUdxuxDvoDMR9pPAzcUASHs
UnionBank of the Philippines - 5th Ave Global,Bank,OPERATIONAL,Taguig,NCR,NCR,"5th Avenue Unit 103 GF One Global Place, Taguig, 1630, Philippines",14.5484303,121.0469006,2.3,9,ChIJUxRPv-_IlzMRTIhr92YVq2c,https://www.google.com/maps/place/?q=place_id:ChIJUxRPv-_IlzMRTIhr92YVq2c
UnionBank of the Philippines - Rada,Bank,OPERATIONAL,Makati City,NCR,NCR,"Prince Building, 117 Rada, Legazpi Village, Makati City, 1223 Metro Manila, Philippines",14.5553585,121.0177812,1.9,8,ChIJEWLMiaXJlzMRMXxSPX8nWps,https://www.google.com/maps/place/?q=place_id:ChIJEWLMiaXJlzMRMXxSPX8nWps
Union Bank Subsidiary City Savings,Bank,OPERATIONAL,Bangued,Abra,Cordillera Administrative Region,"HJV9+6Q5, Ilocos Sur - Abra Rd, Bangued, Abra, Philippines",17.5930268,120.6194668,,,ChIJSeH-eAdcjjMR4H7MQ1EIRqI,https://www.google.com/maps/place/?q=place_id:ChIJSeH-eAdcjjMR4H7MQ1EIRqI
UnionBank ATM - CATS,ATM,OPERATIONAL,San Juan City,NCR,NCR,"1008 Epifanio de los Santos Ave, San Juan City, 1502 Metro Manila, Philippines",14.603794,121.0579437,,,ChIJ17iXe-S3lzMR_Mxo63gWnLM,https://www.google.com/maps/place/?q=place_id:ChIJ17iXe-S3lzMR_Mxo63gWnLM
Unionbank ATM,ATM,OPERATIONAL,San Juan City,NCR,NCR,"CSMC, 10 Wilson, San Juan City, 1500 Metro Manila, Philippines",14.5975636,121.0465438,,,ChIJLZOoRybIlzMRhzqFk9VHNbo,https://www.google.com/maps/place/?q=place_id:ChIJLZOoRybIlzMRhzqFk9VHNbo
UnionBank of the Philippines,ATM,OPERATIONAL,Manila,NCR,NCR,"The Kassel Condominium, GO1 & LG1 ,Malate, 2625 United Nations Ave, Ermita, Manila, 1004 Metro Manila, Philippines",14.5795807,120.9790042,3,6,ChIJocRO3inKlzMRyom2HFEyEsA,https://www.google.com/maps/place/?q=place_id:ChIJocRO3inKlzMRyom2HFEyEsA
UnionBank of the Philippines - West Service Road,Bank,OPERATIONAL,Parañaque,NCR,NCR,"Rodeo Building, 802 W Service Rd, Parañaque, 1715 Metro Manila, Philippines",14.4695463,121.0449538,3.3,8,ChIJlzBxfa_PlzMRnXySctY0D8k,https://www.google.com/maps/place/?q=place_id:ChIJlzBxfa_PlzMRnXySctY0D8k
UNIONBANK ATM,Bank,OPERATIONAL,Baguio,Benguet,Cordillera Administrative Region,"CEDAR PEAK BUILDING Antipolo Annex A Bldg. 2600,, Session Rd, Baguio, Benguet, Philippines",16.4146347,120.5970035,5,1,ChIJG64bUl2hkTMRMdN0unPcx2g,https://www.google.com/maps/place/?q=place_id:ChIJG64bUl2hkTMRMdN0unPcx2g
UnionBank ATM - Philex Offsite1,ATM,OPERATIONAL,Tuba,Benguet,Cordillera Administrative Region,"Philex Mining Corp, Padcal, Tuba, Benguet, Philippines",16.2656329,120.6387071,,,ChIJL1GubEEJkTMRk3SjJ-h2PRE,https://www.google.com/maps/place/?q=place_id:ChIJL1GubEEJkTMRk3SjJ-h2PRE
UnionBank of the Philippines - BGC McKinley West,Bank,OPERATIONAL,Taguig,NCR,NCR,"Lawton Avenue Lower G/F, Robinsons Cyber Sigma Building, Bonifacio South Taguig, 1630, Philippines",14.5354806,121.0431638,1.6,12,ChIJ8bIO6AzJlzMR83WvCT4Ode8,https://www.google.com/maps/place/?q=place_id:ChIJ8bIO6AzJlzMR83WvCT4Ode8
Unionbank ATM,ATM,OPERATIONAL,Las Piñas,NCR,NCR,"CXXJ+RR2, Alabang Zapote Road, corner Crispina Avenue, Pamplona, Las Piñas, Philippines",14.4495401,120.9819667,1,2,ChIJg4m5U_nNlzMRxR0tQPbbbPk,https://www.google.com/maps/place/?q=place_id:ChIJg4m5U_nNlzMRxR0tQPbbbPk
UnionBank of the Philippines - Makati Ave,Bank,OPERATIONAL,Makati City,NCR,NCR,"Makati Avenue, corner Durban, St, Makati City, 1209, Philippines",14.5636915,121.0290975,2.4,20,ChIJZ3JEP6rJlzMRwlbvB0MpeGs,https://www.google.com/maps/place/?q=place_id:ChIJZ3JEP6rJlzMRwlbvB0MpeGs
UnionBank of the Philippines - Ayala SSS,Bank,OPERATIONAL,Makati City,NCR,NCR,"SSS Building, 6782 Ayala Avenue, corner V.A. Rufino St, Makati City, 1226, Philippines",14.5578387,121.0188675,2.3,16,ChIJzyaXLg_JlzMR6q6K0rTI7wo,https://www.google.com/maps/place/?q=place_id:ChIJzyaXLg_JlzMR6q6K0rTI7wo
UnionBank of the Philippines - Ayala Rufino,Bank,OPERATIONAL,Makati City,NCR,NCR,"6784 Ayala Ave, Makati City, 1223 Metro Manila, Philippines",14.5582093,121.0183378,3.6,5,ChIJh-Yggl7JlzMRNjEkFpWUxug,https://www.google.com/maps/place/?q=place_id:ChIJh-Yggl7JlzMRNjEkFpWUxug
UnionBank of the Philippines - Ayala Madrigal,Bank,OPERATIONAL,Makati City,NCR,NCR,"Ground Floor, Vicente Madrigal Building, Salcedo Village, 6793 Ayala Ave, Makati City, 1227 Metro Manila, Philippines",14.5580957,121.0197925,1.7,26,ChIJzyaXLg_JlzMREl2mfEk32_w,https://www.google.com/maps/place/?q=place_id:ChIJzyaXLg_JlzMREl2mfEk32_w
UnionBank of the Philippines - The Ark - Insular Ayala,Bank,OPERATIONAL,Makati City,NCR,NCR,"Insular Life Building, Ayala Avenue, Insular Ayala, Makati City, 1209, Philippines",14.5570886,121.0210424,2.3,35,ChIJSZ7owITJlzMRTOBn6GkoypE,https://www.google.com/maps/place/?q=place_id:ChIJSZ7owITJlzMRTOBn6GkoypE
UnionBank of the Philippines - Antel Residences/Suites,Bank,OPERATIONAL,Makati City,NCR,NCR,"7829 Salamanca Street G/F Best Western Antel Hotel Street, Suits Makati, 1210, Philippines",14.5662923,121.0290787,4,4,ChIJgUx46qvJlzMRikZkTjwZvW4,https://www.google.com/maps/place/?q=place_id:ChIJgUx46qvJlzMRikZkTjwZvW4
Unionbank Robinsons Cybergate Plaza,Bank,OPERATIONAL,Mandaluyong City,NCR,NCR,"H29W+WP6, Epifanio de los Santos Ave, Mandaluyong City, Metro Manila, Philippines",14.5697747,121.0467771,2.8,5,ChIJxzcMM0XIlzMRTOxY1fWcePY,https://www.google.com/maps/place/?q=place_id:ChIJxzcMM0XIlzMRTOxY1fWcePY
UnionBank ATM - WackWack,ATM,OPERATIONAL,Mandaluyong City,NCR,NCR,"No. 6, Shaw Boulevard, corner S. Laurel, Mandaluyong City, Philippines",14.5881822,121.0449048,3.2,5,ChIJZWAWrQnJlzMRqhX9ryiBqLo,https://www.google.com/maps/place/?q=place_id:ChIJZWAWrQnJlzMRqhX9ryiBqLo
Unionbank,ATM,OPERATIONAL,Mandaluyong City,NCR,NCR,"H2QV+7WH, Shaw Blvd, Mandaluyong City, 1555 Metro Manila, Philippines",14.5881843,121.0448749,1,2,ChIJGxzaTTnIlzMRYgCImukkKuE,https://www.google.com/maps/place/?q=place_id:ChIJGxzaTTnIlzMRYgCImukkKuE
Unionbank ATM,ATM,OPERATIONAL,Mandaluyong City,NCR,NCR,"655 Boni Ave, Mandaluyong City, 1550 Metro Manila, Philippines",14.5764896,121.0385249,1,2,ChIJbT2K90vIlzMRXB6UbI503vQ,https://www.google.com/maps/place/?q=place_id:ChIJbT2K90vIlzMRXB6UbI503vQ
UnionBank ATM - IBEX Shaw,ATM,OPERATIONAL,Mandaluyong City,NCR,NCR,"IT Center, 360 Shaw Blvd., cor. 9 de Pebrero St 5/F Shaw, Brgy, Mandaluyong City, Philippines",14.588835,121.037223,2.8,4,ChIJj9hqM9nJlzMRjUabMqj__xE,https://www.google.com/maps/place/?q=place_id:ChIJj9hqM9nJlzMRjUabMqj__xE
UnionBank - ATM,ATM,OPERATIONAL,Mandaluyong City,NCR,NCR,"1554, 2195 Epifanio de los Santos Ave, Mandaluyong City, 1554 Kalakhang Maynila, Philippines",14.5696413,121.0467839,2.3,3,ChIJda8FzFrIlzMRbocHmVFy08g,https://www.google.com/maps/place/?q=place_id:ChIJda8FzFrIlzMRbocHmVFy08g
"Union Bank ATM, Shaw Pasig",Bank,OPERATIONAL,Pasig,NCR,NCR,"H3G6+83X, Chipeco Building, Shaw Boulevard corner, Meralco Ave, Pasig, Metro Manila, Philippines",14.5758676,121.060233,2,3,ChIJJcK1mmvIlzMRdM6xJSGpi_c,https://www.google.com/maps/place/?q=place_id:ChIJJcK1mmvIlzMRdM6xJSGpi_c
UnionBank ATM,ATM,OPERATIONAL,Mandaluyong City,NCR,NCR,"Unit A2, Cluster El Dorado, Guevara Street, California Garden Square, Philippines",14.5790231,121.0474146,2,7,ChIJR5VcmEfIlzMRJBmI-JkQHK8,https://www.google.com/maps/place/?q=place_id:ChIJR5VcmEfIlzMRJBmI-JkQHK8
Unionbank of the Philippines,ATM,OPERATIONAL,Pasig,NCR,NCR,"G/F, Wynsum Corp. Plaza, Ortigas Center, Pasig, Metro Manila, Philippines",14.5809145,121.0596529,2.2,6,ChIJrQC62RbIlzMREvKEiua5DUc,https://www.google.com/maps/place/?q=place_id:ChIJrQC62RbIlzMREvKEiua5DUc
UnionBank of the Philippines - Taft Ave,Bank,OPERATIONAL,Pasay City,NCR,NCR,"Kassel Condominium, 2625 Taft Ave, Malate, Pasay City, 1004 Metro Manila, Philippines",14.5619501,120.995163,1.6,16,ChIJ0RztYXnJlzMRLD7SYu0gYt0,https://www.google.com/maps/place/?q=place_id:ChIJ0RztYXnJlzMRLD7SYu0gYt0
UnionBank of the Philippines - Cityplace,Bank,OPERATIONAL,Manila,NCR,NCR,"3rd, Cityplace Square, Lucky Chinatown Mall, Calle Felipe cor, Lachambre St, Binondo, Manila City, 1006, Philippines",14.6039158,120.97274,2.7,12,ChIJ-1Kvsw_KlzMRxT0e3xuAPc0,https://www.google.com/maps/place/?q=place_id:ChIJ-1Kvsw_KlzMRxT0e3xuAPc0
UnionBank of the Philippines - Intramuros,Bank,OPERATIONAL,Manila,NCR,NCR,"409 A Soriano Avenue BF Condominium Bldg, Intramuros, Manila, 1002, Philippines",14.5930943,120.9739761,1.9,18,ChIJX4TOpRfKlzMRAM3gjjPWOBo,https://www.google.com/maps/place/?q=place_id:ChIJX4TOpRfKlzMRAM3gjjPWOBo
UnionBank of the Philippines - Macapagal,Bank,OPERATIONAL,Pasay City,NCR,NCR,"Pres. Diosdado P. Macapagal Blvd MOA Complex,G/F, Unit 106,corner, Coral Way, Pasay City, 1308, Philippines",14.5313484,120.989859,2.7,12,ChIJl18QjlrJlzMRKOeyYfIHy3U,https://www.google.com/maps/place/?q=place_id:ChIJl18QjlrJlzMRKOeyYfIHy3U
UnionBank of the Philippines - Alabang ATM Center,Bank,OPERATIONAL,Muntinlupa,NCR,NCR,"C29Q+PFP, Insular Life Drive, Muntinlupa, Metro Manila, Philippines",14.4193245,121.0387063,3.5,12,ChIJURqhKDTQlzMR1XJaVkZRiu4,https://www.google.com/maps/place/?q=place_id:ChIJURqhKDTQlzMR1XJaVkZRiu4
Union Bank,Bank,OPERATIONAL,Parañaque,NCR,NCR,"28 Doña Soledad Ave, Parañaque, 1709 Metro Manila, Philippines",14.484565,121.0386629,3.2,5,ChIJp-PL8gPPlzMRnU1A_uYw_sg,https://www.google.com/maps/place/?q=place_id:ChIJp-PL8gPPlzMRnU1A_uYw_sg
Union Bank - NAIA Passengers Terminal 1,Bank,OPERATIONAL,Parañaque,NCR,NCR,"G/F International Passenger Terminal Building of NAIA Terminal 1, NAIA Complex, Parañaque City, 1705, Philippines",14.5063649,121.0045358,2,6,ChIJI9yD073OlzMRSUCt8u8b-oQ,https://www.google.com/maps/place/?q=place_id:ChIJI9yD073OlzMRSUCt8u8b-oQ
UnionBank,ATM,OPERATIONAL,Parañaque,NCR,NCR,"Level 2, Hallway Solaire Resort and Casino Hotel, Macapagal Ave, Casino Area, Pasay City, Philippines",14.5235282,120.9809871,5,1,ChIJy8VrFb_NlzMReO1_jz9rzqA,https://www.google.com/maps/place/?q=place_id:ChIJy8VrFb_NlzMReO1_jz9rzqA
UnionBank ATM - IBEX Paranaque,ATM,OPERATIONAL,Parañaque,NCR,NCR,"Parañaque Sucat Road corner President’s Avenue 6th Floor SM City, BF, Parañaque, Philippines",14.4580352,121.0334561,3.7,3,ChIJKeb8XZ7PlzMRMUUT6rcOpaw,https://www.google.com/maps/place/?q=place_id:ChIJKeb8XZ7PlzMRMUUT6rcOpaw
ATM - Unionbank,ATM,OPERATIONAL,Parañaque,NCR,NCR,"F2CV+2WP, Rodeo Building, West Service Road, South Luzon Expressway, Parañaque, Philippines",14.4700947,121.0448512,,,ChIJkaclfa_PlzMRKmzDUOS5ZZU,https://www.google.com/maps/place/?q=place_id:ChIJkaclfa_PlzMRKmzDUOS5ZZU
UnionBank of the Philippines - Double Dragon Plaza,Bank,OPERATIONAL,Pasay City,NCR,NCR,"G/F, Dragon Meridian, West Tower, Macapagal Ave, cor EDSA Ext, Pasay City, Metro Manila, Philippines",14.5347227,120.989358,2.1,23,ChIJj-JSoGnJlzMR8xXiDfY91iA,https://www.google.com/maps/place/?q=place_id:ChIJj-JSoGnJlzMR8xXiDfY91iA
UnionBank of the Philippines - GSIS,Bank,OPERATIONAL,Pasay City,NCR,NCR,"GSIS Main Office Financial Center, J.W. Diokno Blvd, Pasay City, 1308 Metro Manila, Philippines",14.5479251,120.9841181,4,18,ChIJhWJOekXJlzMRUG4phTe_arQ,https://www.google.com/maps/place/?q=place_id:ChIJhWJOekXJlzMRUG4phTe_arQ
UnionBank of the Philippines - ADB Ave,Bank,OPERATIONAL,Pasig,NCR,NCR,"ADB Avenue Aic. Burgundy Empire Tower, Ortigas Center, Pasig, 1605, Philippines",14.5899055,121.0610069,1.4,20,ChIJSX7m6hnIlzMR-NFY8RsgZE8,https://www.google.com/maps/place/?q=place_id:ChIJSX7m6hnIlzMR-NFY8RsgZE8
UnionBank of the Philippines - Exchange Regency,Bank,OPERATIONAL,Pasig,NCR,NCR,"Meralco Avenue G/F The Exchange Regency,Exchange Road cor.and, Jade Dr, Pasig, 1605, Philippines",14.5833243,121.0635856,4.5,2,ChIJUeoMXxHIlzMRlFL4377jET4,https://www.google.com/maps/place/?q=place_id:ChIJUeoMXxHIlzMRlFL4377jET4
Union Bank of the Philippines,Bank,OPERATIONAL,Pasig,NCR,NCR,"G, F, Wynsum Tower, F. Ortigas J F. Ortigas Jr. Rd, Ortigas Center, Pasig, Metro Manila, Philippines",14.5878721,121.061512,3,2,ChIJJ__gURfIlzMR9Id0PPtwCBI,https://www.google.com/maps/place/?q=place_id:ChIJJ__gURfIlzMR9Id0PPtwCBI
UnionBank of the Philippines - BGC 3rd Ave.,Bank,OPERATIONAL,Taguig,NCR,NCR,"Two/NEO, 3rd Avenue G/F, 28th St, Taguig, 1630 Metro Manila, Philippines",14.5509492,121.0457685,1.8,10,ChIJ_V6fbfDIlzMRsR0QJbB17kw,https://www.google.com/maps/place/?q=place_id:ChIJ_V6fbfDIlzMRsR0QJbB17kw
UnionBank of the Philippines - BGC Mckinley Road,Bank,OPERATIONAL,Taguig,NCR,NCR,"G/F, Unit 2, Fairways Towers, 5th Ave, Taguig, 1634 Metro Manila, Philippines",14.5453209,121.0455176,2.4,10,ChIJd6H8XO_IlzMR6Gv5SKp78_o,https://www.google.com/maps/place/?q=place_id:ChIJd6H8XO_IlzMR6Gv5SKp78_o
Unionbank BGC-10th Ave,Bank,OPERATIONAL,Taguig,NCR,NCR,"H364+59P, Taguig, Metro Manila, Philippines",14.560435,121.0559571,3.7,3,ChIJg_oGuDzJlzMRfzquoQoXyH8,https://www.google.com/maps/place/?q=place_id:ChIJg_oGuDzJlzMRfzquoQoXyH8
UnionBank ATM - SL BGC 12th Flr,ATM,OPERATIONAL,Taguig,NCR,NCR,"Philplans Corporate Center, Triangle Dr, Taguig, 1630 Metro Manila, Philippines",14.5598577,121.0561068,3,3,ChIJb3SU1l_IlzMRaqp9cRlKYRQ,https://www.google.com/maps/place/?q=place_id:ChIJb3SU1l_IlzMRaqp9cRlKYRQ
UnionBank ATM - MD Center Taguig,ATM,OPERATIONAL,Taguig,NCR,NCR,"Medical Center, Levi B. Mariano Ave, Taguig, 1630 Metro Manila, Philippines",14.5307413,121.0652728,,,ChIJg-vBvVTJlzMRMwGLiT7Mt90,https://www.google.com/maps/place/?q=place_id:ChIJg-vBvVTJlzMRMwGLiT7Mt90
"Union Bank ATM, Valenzuela Fatima",Bank,OPERATIONAL,Valenzuela,NCR,NCR,"Kilometer 12 MacArthur Hwy, Valenzuela, Metro Manila, Philippines",14.6805385,120.9793331,3,5,ChIJJ3EWyhu0lzMRZFpeYmWKDY8,https://www.google.com/maps/place/?q=place_id:ChIJJ3EWyhu0lzMRZFpeYmWKDY8
UnionBank ATM - Monocrete,ATM,OPERATIONAL,Taguig,NCR,NCR,"No. 888 Cayetano Ave. C5 Ext. Diversion Rd Brgy, Palingon, Taguig, Philippines",14.5366172,121.0744665,2.2,5,ChIJ5UB9iSPJlzMR5SjorSlW5t8,https://www.google.com/maps/place/?q=place_id:ChIJ5UB9iSPJlzMR5SjorSlW5t8
